{"data_time": 0.008177906274795532, "time": 0.2379184431499905}