{"loss_bbox":0.23855269610881805,"_step":110,"lr":2.3872875703131524e-05,"_runtime":1707.280572951,"coco/bbox_mAP_m":0.662,"memory":19483,"coco/bbox_mAP":0.762,"epoch":9,"coco/bbox_mAP_50":0.936,"coco/bbox_mAP_l":0.805,"_timestamp":1.7470612094179192e+09,"base_lr":2.3872875703131524e-05,"coco/bbox_mAP_75":0.851,"_wandb":{"runtime":1716},"loss":0.43939841628074644,"data_time":0.0005751419067382813,"coco/bbox_mAP_s":0.414,"iter":11214,"loss_cls":0.20084572032094003,"time":0.3096882677078247}