{"data_time": 0.008148364853440669, "time": 0.23593643255401076}