{"coco/bbox_mAP_50":0.925,"memory":9250,"coco/bbox_mAP_l":0.774,"_step":114,"_runtime":1448.579116903,"epoch":5,"loss_bbox":0.24816982686519623,"_wandb":{"runtime":1479},"lr":0.00163627124296868,"iter":5684,"loss":0.4865448361635208,"coco/bbox_mAP":0.737,"data_time":0.005055140941701037,"base_lr":0.00163627124296868,"loss_cls":0.23837500661611558,"coco/bbox_mAP_s":0.438,"coco/bbox_mAP_75":0.828,"coco/bbox_mAP_m":0.655,"_timestamp":1.747004021551564e+09,"time":0.13530331723233488}