{"coco/bbox_mAP_m":0.524,"d2.loss_iou":0.23002771846950054,"epoch":65,"coco/bbox_mAP":0.771,"base_lr":1.1059832996891282e-06,"_step":458,"coco/bbox_mAP_l":0.861,"coco/bbox_mAP_s":0.166,"_runtime":9042.63630453,"d4.loss_cls":0.038390514004277065,"data_time":0.004884922945940936,"d1.loss_iou":0.2463433039188385,"time":0.13949445441917138,"d3.loss_cls":0.039615851473645304,"d3.loss_iou":0.22681979328393936,"d3.loss_bbox":0.09712285771965981,"lr":1.0096348454262843e-06,"loss":2.360187656879425,"iter":77268,"_wandb":{"runtime":9042},"loss_bbox":0.09354248575866222,"d4.loss_iou":0.21614575535058975,"d4.loss_bbox":0.09404904268682003,"loss_cls":0.03776400278380607,"coco/bbox_mAP_50":0.935,"d0.loss_bbox":0.13026298731565475,"d2.loss_cls":0.04658698555780574,"_timestamp":1.7471774508608904e+09,"coco/bbox_mAP_75":0.833,"d0.loss_iou":0.3000477607548237,"d1.loss_cls":0.057171696661971506,"d2.loss_bbox":0.09859673030674458,"d0.loss_cls":0.08786118134856225,"grad_norm":138.6959719848633,"memory":21225,"d1.loss_bbox":0.1050492587685585,"loss_iou":0.2147897183150053}