{"iter":109959,"enc_loss_cls":0.22944444561377167,"coco/bbox_mAP":0.822,"time":0.09323510791277438,"d2.loss_cls":0.14555538233136758,"epoch":24,"d3.dn_loss_cls":0.0048848726408323275,"d0.loss_cls":0.16050597167573868,"_timestamp":1.7483052961162703e+09,"d0.dn_loss_bbox":0.2637450434267521,"loss_iou":0.16920569002628327,"dn_loss_bbox":0.15488468665629626,"d1.dn_loss_cls":0.011472587973112241,"d4.loss_bbox":0.13971227400004863,"d1.loss_bbox":0.12926011554896832,"coco/bbox_mAP_75":0.88,"grad_norm":83.43901321411133,"data_time":0.0015476101525028014,"enc_loss_bbox":0.15837990641593933,"memory":15292,"loss":5.574717061519623,"d4.dn_loss_iou":0.1785104456357658,"enc_loss_iou":0.20731673076748847,"_step":367,"d2.dn_loss_cls":0.006034202162991278,"base_lr":1e-08,"d1.loss_iou":0.1719303958117962,"d3.loss_cls":0.14295686358120294,"coco/bbox_mAP_s":0.5,"d2.dn_loss_iou":0.1865651200339198,"lr":1e-08,"d1.loss_cls":0.15142380432691424,"d4.loss_iou":0.16854244746267796,"coco/bbox_mAP_50":0.949,"d0.dn_loss_iou":0.2844138227403164,"loss_bbox":0.14151295337826014,"d4.dn_loss_bbox":0.15554141275584699,"d1.dn_loss_bbox":0.1825645824149251,"dn_loss_cls":0.003788945687265368,"d0.dn_loss_cls":0.03620491751469672,"_runtime":6956.603829185,"d2.loss_iou":0.16542835883796214,"d2.loss_bbox":0.12004980422556401,"coco/bbox_mAP_l":0.872,"d0.loss_iou":0.17922040179371834,"coco/bbox_mAP_m":0.68,"d3.loss_iou":0.16234699759632348,"d0.loss_bbox":0.1393156684935093,"d3.dn_loss_bbox":0.15644555192440748,"d3.loss_bbox":0.11823260355740786,"d4.loss_cls":0.11205776676768436,"d1.dn_loss_iou":0.2063810371235013,"d3.dn_loss_iou":0.18046744842082263,"loss_cls":0.10718850668577944,"d4.dn_loss_cls":0.004022042279539164,"d2.dn_loss_bbox":0.1615895078703761,"_wandb":{"runtime":6956},"dn_loss_iou":0.1776139209419489}