{"data_time": 0.006611039241154988, "time": 0.22616258925861782}