{"data_time": 0.0011329248626119014, "time": 0.14301333276584405}