{"d0.dn_loss_cls":0.02890296441037208,"d1.dn_loss_cls":0.009763751075661275,"_wandb":{"runtime":119987},"enc_loss_iou":0.10992078948765993,"data_time":0.0010073101648720361,"d3.loss_bbox_aux0":0.025410246411338447,"loss":14.72027904510498,"loss_bbox":0.09150552976876497,"loss_bbox0":0.8203326755017042,"d2.loss_bbox_aux0":0.026706095430999995,"d4.loss_bbox_aux0":0.025476610190235078,"d3.loss_bbox":0.09174611624330282,"loss_iou_aux0":0.024223266537301242,"coco/bbox_mAP_50":0.964,"d1.loss_cls_aux0":0.00033462688978033836,"d2.loss_bbox":0.09191573616117239,"d0.loss_iou":0.09061258381232619,"d2.loss_cls_aux0":0.00035772737427578247,"d4.dn_loss_iou":0.10255582768470049,"d0.loss_bbox_aux1":0.10739621412009001,"d3.loss_cls_aux0":0.00027698781619619697,"d4.loss_iou_aux1":0.07226305155083537,"_timestamp":1.747459898671456e+09,"d0.loss_iou_aux1":0.09811653766781092,"d3.loss_iou_aux0":0.024231806797906756,"dn_loss_iou":0.10209682487882674,"loss_bbox_aux0":0.025406198324635625,"d2.loss_cls_aux1":0.000524580674571098,"loss_cls1":0.5885319712571799,"d3.dn_loss_iou":0.10260988764464855,"d3.loss_cls":0.02388501837020158,"d1.loss_bbox":0.09319647727534175,"loss_bbox1":1.1835912653803826,"d3.loss_iou_aux1":0.07248012509196997,"d1.dn_loss_iou":0.11413856733590365,"d2.loss_iou":0.08653329878114163,"coco/bbox_mAP_75":0.916,"loss_cls0":0.437177768740803,"d2.dn_loss_iou":0.10427165396511555,"loss_rpn_cls":0.0007253025276406788,"d4.loss_bbox_aux1":0.07632217109203339,"coco/bbox_mAP_m":0.728,"d3.dn_loss_cls":0.0049177647282704125,"d4.dn_loss_cls":0.004950974037719789,"d2.loss_iou_aux0":0.025559981553815305,"d4.loss_cls":0.0247912680672016,"enc_loss_cls":0.1408828591625206,"d0.loss_bbox":0.098079863358289,"loss_cls_aux1":0.0004263020999133005,"d1.loss_iou_aux0":0.03828154685907066,"d0.loss_cls":0.1033916109148413,"coco/bbox_mAP_s":0.59,"dn_loss_cls":0.005017219229798684,"d2.loss_bbox_aux1":0.07675819618627429,"d4.loss_iou_aux0":0.02425520480144769,"coco/bbox_mAP_l":0.905,"d1.dn_loss_bbox":0.12725738380104304,"d1.loss_bbox_aux1":0.08042159419506788,"d0.loss_cls_aux1":0.0011993117360543691,"loss_bbox_aux1":0.07602551499381661,"d2.dn_loss_bbox":0.11657841745764017,"d4.loss_iou":0.08588141280226409,"_step":3127,"d0.loss_cls_aux0":0.0010570669552544133,"_runtime":119987.508955409,"loss_cls":0.024790764637873507,"d1.loss_cls_aux1":0.0006665755353787973,"epoch":17,"d3.loss_cls_aux1":0.00040636259789721406,"d1.loss_bbox_aux0":0.03913970423862338,"d2.loss_iou_aux1":0.07245576373301446,"loss_rpn_bbox":0.018823923298623414,"d0.dn_loss_bbox":0.2075025113672018,"base_lr":6.999999999999995e-06,"d4.loss_cls_aux0":0.0002539581964651916,"d3.dn_loss_bbox":0.11509877817705273,"coco/bbox_mAP":0.86,"d2.loss_cls":0.023662309964420272,"d3.loss_iou":0.08587540264241397,"d1.loss_iou":0.08841309493407606,"lr":8.281249999999993e-07,"time":0.1376218561844159,"d1.loss_cls":0.03159761123228236,"loss_cls_aux0":0.00024694995100617235,"iter":155790,"d0.loss_bbox_aux0":0.10062656769528985,"d3.loss_bbox_aux1":0.07656438820064068,"loss_iou":0.08527956741861999,"d4.loss_cls_aux1":0.0003997616471724541,"grad_norm":262.00894454956057,"enc_loss_bbox":0.12948054380714893,"d1.loss_iou_aux1":0.0755739415064454,"d0.loss_iou_aux0":0.09506099592894315,"acc0":100,"d2.dn_loss_cls":0.005294224764857063,"d4.dn_loss_bbox":0.11501391276717186,"memory":12730,"loss_centerness1":6.981644773483277,"d0.dn_loss_iou":0.17885946474969386,"dn_loss_bbox":0.11448631418868899,"d4.loss_bbox":0.09175388481467962,"loss_iou_aux1":0.07203395110554993}