{"data_time": 0.008126599921120537, "time": 0.23492060436142814}