{"d1.dn_loss_cls":0.35289179980754853,"enc_loss_iou":0.7150273418426514,"coco/bbox_mAP_50":0.834,"d4.loss_cls":0.5327023214101791,"coco/bbox_mAP_m":0.412,"d2.dn_loss_bbox":0.27196677416563037,"d0.dn_loss_bbox":0.42036368131637575,"_runtime":25742.983387651,"d1.dn_loss_bbox":0.31280634060502055,"dn_loss_cls":0.3054825407266617,"d3.dn_loss_bbox":0.2573206417262554,"iter":62289,"d1.dn_loss_iou":0.33238799750804904,"d0.dn_loss_cls":0.47293221473693847,"_wandb":{"runtime":25742},"d0.loss_bbox":0.320500248670578,"coco/bbox_mAP_75":0.774,"d1.loss_cls":0.768181881904602,"loss_bbox":0.2287040190398693,"d2.loss_iou":0.39069968059659005,"_timestamp":1.747269906508648e+09,"data_time":0.00309906800587972,"dn_loss_iou":0.28002765625715254,"loss":16.21850824356079,"d4.dn_loss_iou":0.2800485223531723,"d0.loss_iou":0.5003437197208405,"d0.dn_loss_iou":0.4338910317420959,"base_lr":3.0153689607045845e-08,"d3.loss_iou":0.3307354298233986,"d1.loss_iou":0.4574424469470978,"d0.loss_cls":1.2504752886295318,"d3.dn_loss_cls":0.3098559671640396,"d2.loss_cls":0.5570756590366364,"d1.loss_bbox":0.28674125254154204,"d4.dn_loss_bbox":0.25577312961220744,"d3.dn_loss_iou":0.28357370346784594,"lr":3.015368960704584e-09,"d2.loss_bbox":0.26453320801258084,"coco/bbox_mAP_l":0.837,"d2.dn_loss_iou":0.2972508180141449,"d4.loss_bbox":0.22860561639070512,"_step":1257,"loss_cls":0.5248593258857727,"time":0.1207719882329305,"d3.loss_cls":0.519628027677536,"d2.dn_loss_cls":0.321253120303154,"d4.dn_loss_cls":0.3062810584902763,"enc_loss_cls":1.2739349925518035,"memory":20754,"loss_iou":0.29278444305062296,"d4.loss_iou":0.2926269932091236,"epoch":34,"grad_norm":238.27839004516602,"coco/bbox_mAP_s":0.106,"coco/bbox_mAP":0.725,"dn_loss_bbox":0.25574129447340965,"enc_loss_bbox":0.4941951483488083,"d3.loss_bbox":0.23886278226971627}