{"_timestamp":1.7472163814647913e+09,"d0.loss_cls":0.12747602013871073,"d2.loss_iou":0.14211971126496792,"loss_bbox":0.11405609983950854,"_step":1839,"base_lr":1e-08,"d3.loss_cls":0.09871302757179365,"d0.loss_iou":0.1562810143828392,"d2.dn_loss_iou":0.15466902092099188,"d2.dn_loss_bbox":0.13955546986311673,"d0.loss_bbox":0.14072199560701848,"d4.loss_bbox":0.11490410674363374,"_runtime":33445.03942674,"d4.loss_iou":0.13772279441356658,"d1.dn_loss_cls":0.009269940486410633,"d1.loss_cls":0.11259710102342069,"d0.dn_loss_iou":0.2409667132794857,"d2.dn_loss_cls":0.00544687794172205,"d4.loss_cls":0.09996713408734649,"d3.dn_loss_iou":0.1487125403434038,"coco/bbox_mAP_l":0.872,"d3.dn_loss_bbox":0.13160937156528235,"d1.dn_loss_iou":0.16953209217637777,"d4.dn_loss_iou":0.14700594518333673,"iter":91627,"coco/bbox_mAP_75":0.88,"d4.dn_loss_bbox":0.12847365960478782,"loss":4.765757100582123,"loss_iou":0.13700655117630958,"d1.loss_iou":0.1468999733030796,"coco/bbox_mAP":0.822,"dn_loss_bbox":0.12776477191597224,"_wandb":{"runtime":33445},"enc_loss_cls":0.20054852860048414,"lr":1e-08,"data_time":0.0015161261162233736,"d0.dn_loss_cls":0.030792273012921215,"d3.loss_iou":0.1398605803027749,"coco/bbox_mAP_50":0.949,"grad_norm":89.15286811828614,"enc_loss_iou":0.17750870384275913,"d2.loss_bbox":0.12254137635231017,"memory":15293,"loss_cls":0.10322692948160693,"d1.dn_loss_bbox":0.15843025378882886,"dn_loss_iou":0.14619651082903146,"epoch":20,"d0.dn_loss_bbox":0.23000680483877659,"d1.loss_bbox":0.1296858301013708,"enc_loss_bbox":0.16258463144302368,"dn_loss_cls":0.00401796643724083,"time":0.09284974614672623,"d3.loss_bbox":0.11868679463863373,"coco/bbox_mAP_m":0.679,"d2.loss_cls":0.10133876592386513,"d4.dn_loss_cls":0.004221514380478766,"coco/bbox_mAP_s":0.499,"d3.dn_loss_cls":0.004637634089449421}