{"coco/bbox_mAP_50":0.919,"loss_cls":0.25802333682775497,"_wandb":{"runtime":1533},"data_time":0.008134878287881108,"coco/bbox_mAP_75":0.818,"coco/bbox_mAP_l":0.753,"_runtime":1502.308968022,"_timestamp":1.7470023132248046e+09,"memory":14882,"lr":0.00163627124296868,"time":0.22187683137796693,"base_lr":0.00163627124296868,"iter":3520,"coco/bbox_mAP_s":0.435,"coco/bbox_mAP":0.718,"loss":0.512400181889534,"coco/bbox_mAP_m":0.646,"epoch":5,"loss_bbox":0.25437684714794156,"_step":74}