{"data_time": 0.004373995881331594, "time": 0.12604148764359324}