{"data_time": 0.003919091141014768, "time": 0.12375609916553162}