{"data_time": 0.007847494549221463, "time": 0.23364327682389152}