{"data_time": 0.0012106845165178938, "time": 0.1485698713359598}