{"data_time": 0.006057696210013496, "time": 0.23342658082644144}