{"coco/bbox_mAP":0.778,"_runtime":8950.950795833,"s2.loss_cls":0.004749733163043857,"s2.loss_bbox":0.0218846120685339,"epoch":13,"s2.acc":99.0966796875,"coco/bbox_mAP_s":0.382,"iter":14852,"memory":18872,"_timestamp":1.7469487808113036e+09,"loss":0.11847106881439685,"coco/bbox_mAP_l":0.83,"lr":5.0000000000000016e-05,"coco/bbox_mAP_50":0.935,"s0.loss_bbox":0.018344647129997612,"s1.loss_cls":0.009732413496822119,"time":0.22989554354485045,"data_time":0.005423880637960231,"s1.loss_bbox":0.023420922281220554,"s1.acc":99.31640625,"_step":298,"loss_rpn_bbox":0.008188862507231533,"_wandb":{"runtime":8950},"s0.loss_cls":0.030724629126489163,"s0.acc":98.8525390625,"coco/bbox_mAP_75":0.85,"coco/bbox_mAP_m":0.658,"loss_rpn_cls":0.001425248880404979}