{"data_time": 0.00533143679300944, "time": 0.2247468133767446}