{"data_time": 0.0063713159826066755, "time": 0.22656012574831644}