{"data_time": 0.005963189734352959, "time": 0.2248662213484446}