{"data_time": 0.00852932009780616, "time": 0.24844500893040708}