{"coco/bbox_mAP_m":0.665,"iter":20274,"coco/bbox_mAP_75":0.862,"loss":0.4181525880098343,"loss_cls":0.1991706545650959,"time":0.08289583365122477,"epoch":14,"coco/bbox_mAP_l":0.816,"base_lr":6.1179354631057935e-06,"lr":6.1179354631057935e-06,"coco/bbox_mAP":0.772,"data_time":0.003399504025777181,"_runtime":4302.150458782,"_timestamp":1.7470951555393856e+09,"_wandb":{"runtime":4302},"_step":278,"loss_bbox":0.21898193016648293,"memory":19477,"coco/bbox_mAP_s":0.428,"coco/bbox_mAP_50":0.942}