{"data_time": 0.005648746825101083, "time": 0.1307468246995357}