{"_timestamp":1.7470685470139394e+09,"coco/bbox_mAP_s":0.452,"iter":27914,"_wandb":{"runtime":6913},"memory":19506,"_step":433,"base_lr":6.1179354631057935e-06,"data_time":0.002996678352355957,"coco/bbox_mAP_75":0.861,"coco/bbox_mAP_l":0.815,"loss":0.4234451222419739,"coco/bbox_mAP_m":0.667,"_runtime":6913.11791411,"loss_cls":0.20461318254470826,"epoch":19,"coco/bbox_mAP":0.773,"lr":6.1179354631057935e-06,"time":0.08207587242126464,"coco/bbox_mAP_50":0.941,"loss_bbox":0.21883193999528885}