{"loss_cls":0.1874072003364563,"_step":216,"coco/bbox_mAP_s":0.452,"coco/bbox_mAP_l":0.813,"data_time":0.0032343816757202147,"lr":6.1179354631057935e-06,"memory":19497,"coco/bbox_mAP_m":0.655,"iter":17218,"loss_bbox":0.20913905411958694,"loss":0.3965462553501129,"coco/bbox_mAP_75":0.856,"_timestamp":1.7470898182930427e+09,"coco/bbox_mAP":0.769,"epoch":12,"coco/bbox_mAP_50":0.942,"time":0.08149256547292073,"base_lr":6.1179354631057935e-06,"_wandb":{"runtime":3323},"_runtime":3323.233675301}