{"coco/bbox_mAP":0.771,"base_lr":1.1059832996891282e-06,"coco/bbox_mAP_s":0.153,"lr":1.0096348454262843e-06,"_wandb":{"runtime":4698},"data_time":0.005470423698425293,"d0.loss_bbox":0.1308843731880188,"d3.loss_cls":0.027773312088102103,"d3.loss_iou":0.18691601619124412,"grad_norm":128.77708030700683,"epoch":75,"loss_cls":0.026781144107226283,"loss_iou":0.17835765808820725,"_runtime":4689.929017333,"coco/bbox_mAP_50":0.934,"time":0.3801294994354248,"d4.loss_cls":0.027013854424003513,"d1.loss_bbox":0.11026987433433533,"coco/bbox_mAP_75":0.832,"loss_bbox":0.09671984106302262,"d0.loss_iou":0.25106597408652304,"iter":89168,"d3.loss_bbox":0.10146117873489857,"memory":21225,"_step":244,"d0.loss_cls":0.0788127419911325,"d2.loss_cls":0.03971525182016194,"d1.loss_cls":0.053176421225070956,"d2.loss_iou":0.19300300225615502,"d1.loss_iou":0.20519892245531082,"d4.loss_iou":0.1810866467654705,"coco/bbox_mAP_m":0.524,"_timestamp":1.747182692150228e+09,"d2.loss_bbox":0.10395684503018857,"d4.loss_bbox":0.09843784391880035,"coco/bbox_mAP_l":0.863,"loss":2.09063090801239}