{"data_time": 0.0057417551676432295, "time": 0.22443428304460314}