{"d1.loss_cls":0.15755466990172862,"coco/bbox_mAP_75":0.759,"d4.loss_bbox":0.17661136791110038,"loss_bbox":0.17673552855849267,"grad_norm":147.27743576049804,"_timestamp":1.747167463272945e+09,"d3.loss_bbox":0.17841893628239633,"base_lr":7.907815631262524e-07,"data_time":0.004629541326452185,"coco/bbox_mAP_s":0.143,"memory":21242,"coco/bbox_mAP_50":0.903,"loss":3.797433228492737,"_step":1079,"d2.loss_bbox":0.1874053519964218,"lr":7.907815631262526e-08,"coco/bbox_mAP_m":0.447,"d1.loss_bbox":0.19608344987034798,"d0.loss_iou":0.3507593435049057,"d3.loss_cls":0.12847608629614116,"d0.loss_cls":0.19088570266962052,"d2.loss_cls":0.13804244462400675,"coco/bbox_mAP":0.697,"d4.loss_cls":0.12236012417823076,"d1.loss_iou":0.3117560639977455,"coco/bbox_mAP_l":0.786,"epoch":40,"d4.loss_iou":0.28245105922222136,"_wandb":{"runtime":20727},"d3.loss_iou":0.28770454347133634,"_runtime":20727.848104305,"loss_iou":0.2820783139765263,"d0.loss_bbox":0.21766033187508582,"d2.loss_iou":0.29714388340711595,"iter":52390,"loss_cls":0.11530602276325226,"time":0.1394479164370784}