{"data_time": 0.010338130750154195, "time": 0.24714217269629762}