{"data_time": 0.00887299002262584, "time": 0.25046248603285404}