{"loss_cls":0.2492867034673691,"_runtime":1454.478448243,"_step":69,"_wandb":{"runtime":1485},"data_time":0.00940530083396218,"loss":0.49581731379032135,"coco/bbox_mAP":0.722,"iter":3270,"memory":16039,"coco/bbox_mAP_s":0.439,"coco/bbox_mAP_50":0.917,"_timestamp":1.7470003695782745e+09,"time":0.23896234252236107,"coco/bbox_mAP_m":0.638,"base_lr":0.00163627124296868,"epoch":5,"loss_bbox":0.24653061360120773,"coco/bbox_mAP_75":0.813,"lr":0.00163627124296868,"coco/bbox_mAP_l":0.76}