{"data_time": 0.008216198947694566, "time": 0.2465956707795461}