{"data_time": 0.010890592608535499, "time": 0.24443956843593664}