{"data_time": 0.004264925655565764, "time": 0.12916816744888038}