{"data_time": 0.00800627801153395, "time": 0.23528032501538595}