{"data_time": 0.005350125463385331, "time": 0.13116699770877235}