{"loss":0.10262662410736084,"data_time":0.00820089013952958,"iter":10987,"coco/bbox_mAP_l":0.792,"_step":227,"coco/bbox_mAP_75":0.809,"time":0.23078233003616333,"coco/bbox_mAP_50":0.931,"lr":1.0000000000000014e-05,"coco/bbox_mAP_m":0.628,"_wandb":{"runtime":5195},"loss_bbox":0.08546554230153561,"coco/bbox_mAP_s":0.415,"_runtime":5195.146793628,"memory":11504,"coco/bbox_mAP":0.744,"loss_cls":0.0171610813960433,"epoch":12,"_timestamp":1.7469891716444535e+09}