{"data_time": 0.002545436223347982, "time": 0.16242312464797706}