{"data_time": 0.006300065252516005, "time": 0.22758455077807108}